timestamp,Terminal 1 (min),Terminal 3 (min)
2025-07-15T18:04:01.846284,1,0
2025-07-15T21:51:02.056675,0,0
2025-07-15T21:55:11.130426,0,0
2025-07-15T22:40:42.406991,0,0
2025-07-15T22:53:56.564603,0,0
2025-07-15T23:09:24.683818,0,0
2025-07-15T23:28:37.213362,0,0
2025-07-15T23:40:39.850968,0,0
2025-07-15T23:53:09.337904,0,0
2025-07-16T00:52:50.590585,0,0
2025-07-16T02:49:48.192973,1,0
2025-07-16T03:50:45.844126,1,0
2025-07-16T04:29:29.188264,2,0
2025-07-16T04:58:05.436435,3,0
2025-07-16T05:22:41.779179,1,1
2025-07-16T05:46:51.751812,1,1
2025-07-16T05:56:34.022552,1,1
2025-07-16T06:20:27.308833,1,0
2025-07-16T06:51:25.097371,1,1
2025-07-16T07:13:28.532140,1,3
2025-07-16T07:34:06.986655,2,1
2025-07-16T07:46:41.899819,2,1
2025-07-16T07:53:38.376166,1,2
2025-07-16T08:14:47.109892,0,3
2025-07-16T08:44:31.605674,1,1
2025-07-16T09:00:30.873767,1,1
2025-07-16T09:35:27.063596,1,1
2025-07-16T09:50:48.512145,1,0
2025-07-16T10:11:29.620572,1,1
2025-07-16T10:42:14.663831,1,0
2025-07-16T10:55:58.002037,1,1
2025-07-16T11:11:01.781921,2,1
2025-07-16T11:30:53.571101,1,1
2025-07-16T11:45:00.709315,1,1
2025-07-16T11:51:22.048620,1,0
2025-07-16T12:20:06.895367,1,0
2025-07-16T13:06:31.429287,2,1
2025-07-16T13:46:58.808437,1,1
2025-07-16T13:59:31.616427,1,0
2025-07-16T14:19:15.816090,1,2
2025-07-16T14:41:21.449492,3,1
2025-07-16T14:55:40.440957,2,1
2025-07-16T15:12:36.474732,3,0
2025-07-16T15:36:59.585555,1,5
2025-07-16T15:49:37.949192,2,1
2025-07-16T15:58:07.787090,2,1
2025-07-16T16:22:11.336466,1,3
2025-07-16T16:48:56.568316,1,2
2025-07-16T17:01:52.771039,1,5
2025-07-16T17:31:08.828912,1,5
2025-07-16T17:49:49.692435,1,1
2025-07-16T17:56:31.819067,1,1
2025-07-16T18:18:55.594566,2,1
2025-07-16T18:48:08.281244,1,2
2025-07-16T19:00:41.410462,1,2
2025-07-16T19:25:09.949197,1,1
2025-07-16T19:35:13.426066,1,0
2025-07-16T19:43:39.933278,1,0
2025-07-16T19:51:18.387751,0,0
2025-07-16T20:11:32.059866,0,0
2025-07-16T20:36:27.796182,0,0
2025-07-16T20:49:40.623145,0,0
2025-07-16T20:57:09.744242,0,0
2025-07-16T21:14:38.637554,0,0
2025-07-16T21:32:32.832571,0,0
2025-07-16T21:46:15.398353,0,0
2025-07-16T21:54:12.368008,0,0
2025-07-16T22:10:17.046252,0,0
2025-07-16T22:38:20.226324,0,0
2025-07-16T22:51:53.047742,0,0
2025-07-16T23:10:20.038297,0,0
2025-07-16T23:31:37.687225,0,0
2025-07-16T23:43:17.917155,0,0
2025-07-16T23:51:15.575404,0,0
2025-07-16T23:57:14.200459,0,0
2025-07-17T01:13:18.633772,1,5
2025-07-17T03:04:23.583709,1,1
2025-07-17T04:01:27.472325,1,1
2025-07-17T04:40:39.084246,1,2
2025-07-17T05:01:42.986751,2,2
2025-07-17T05:29:18.710136,3,1
2025-07-17T05:50:35.498370,2,3
2025-07-17T05:56:38.425064,1,1
2025-07-17T06:19:54.304679,1,1
2025-07-17T06:49:51.392767,0,1
2025-07-17T07:01:52.189682,1,1
2025-07-17T07:26:54.977359,2,1
2025-07-17T07:40:51.712249,1,1
2025-07-17T07:49:48.053145,2,1
2025-07-17T07:55:42.806373,1,1
2025-07-17T08:15:39.867847,1,1
2025-07-17T08:44:26.695885,1,1
2025-07-17T08:59:07.132947,1,1
2025-07-17T09:23:21.163475,2,2
2025-07-17T09:42:11.608840,2,1
2025-07-17T09:53:08.446665,1,1
2025-07-17T09:58:50.977819,1,1
2025-07-17T10:43:59.354286,4,1
2025-07-17T10:54:59.891952,4,1
2025-07-17T11:09:04.348075,2,2
2025-07-17T11:28:06.366799,3,1
2025-07-17T11:39:17.545077,2,2
2025-07-17T11:47:28.586801,2,1
2025-07-17T11:53:36.838268,3,1
2025-07-17T11:59:11.489619,4,1
2025-07-17T12:40:00.089606,1,2
2025-07-17T13:22:43.404709,1,2
2025-07-17T13:50:52.216199,3,0
2025-07-17T13:59:54.177991,3,1
2025-07-17T14:18:46.839761,1,0
2025-07-17T14:41:32.446952,2,1
2025-07-17T14:53:28.998907,1,2
2025-07-17T14:59:22.922163,1,1
2025-07-17T15:21:49.453151,0,3
2025-07-17T15:40:57.729680,3,1
2025-07-17T15:52:35.326069,3,1
2025-07-17T15:58:25.112474,2,1
2025-07-17T16:22:15.611867,1,1
2025-07-17T16:47:29.543061,3,1
2025-07-17T16:59:44.965275,2,0
2025-07-17T17:19:09.202325,2,1
2025-07-17T17:39:12.860653,0,0
2025-07-17T17:49:47.561449,0,0
2025-07-17T17:55:49.233586,1,1
2025-07-17T18:16:07.575011,4,0
2025-07-17T18:47:23.349866,1,1
2025-07-17T19:00:38.681222,0,0
2025-07-17T19:19:13.984000,1,2
2025-07-17T19:31:26.729270,0,3
2025-07-17T19:41:34.529959,0,0
2025-07-17T19:48:15.113082,0,0
2025-07-17T19:54:07.905484,1,0
2025-07-17T20:00:03.861886,0,0
2025-07-17T20:23:59.902899,0,0
2025-07-17T20:40:56.617149,0,0
2025-07-17T20:52:28.253467,0,0
2025-07-17T20:58:28.057921,0,0
2025-07-17T21:16:28.530443,0,0
2025-07-17T21:32:43.239293,0,0
2025-07-17T21:44:19.764277,0,0
2025-07-17T21:50:57.465069,0,0
2025-07-17T21:56:53.054184,0,0
2025-07-17T22:13:23.288878,0,0
2025-07-17T22:35:50.544901,0,0
2025-07-17T22:49:21.946221,0,0
2025-07-17T22:55:52.223059,0,0
2025-07-17T23:11:59.274908,0,0
2025-07-17T23:31:06.297095,0,0
2025-07-17T23:43:11.948925,0,0
2025-07-17T23:50:54.254651,0,0
2025-07-17T23:56:44.803533,0,0
2025-07-18T01:06:07.094509,0,1
2025-07-18T03:03:44.495088,1,2
2025-07-18T04:03:31.983403,1,0
2025-07-18T04:47:10.229814,1,0
2025-07-18T05:14:08.069542,1,1
2025-07-18T05:43:23.108482,1,1
2025-07-18T05:54:51.464169,2,1
2025-07-18T06:13:59.114024,1,2
2025-07-18T06:49:24.068386,1,0
2025-07-18T07:02:38.681060,2,0
2025-07-18T07:28:54.724175,1,1
2025-07-18T07:43:30.434996,1,1
2025-07-18T07:53:04.469077,1,1
2025-07-18T07:58:51.738468,2,1
2025-07-18T08:25:06.673733,1,1
2025-07-18T08:47:57.331735,1,1
2025-07-18T09:01:02.681490,1,1
2025-07-18T09:28:32.177826,1,0
2025-07-18T09:46:26.040906,3,1
2025-07-18T09:56:00.309454,3,1
2025-07-18T10:12:56.449111,3,2
2025-07-18T10:39:30.579474,3,1
2025-07-18T10:53:48.576956,4,1
2025-07-18T10:59:45.948439,1,1
2025-07-18T11:18:01.886786,2,1
2025-07-18T11:31:33.514374,1,2
2025-07-18T11:43:38.524625,2,1
2025-07-18T11:51:28.231381,2,2
2025-07-18T11:57:25.867090,2,2
2025-07-18T12:30:13.004446,2,1
2025-07-18T13:11:43.317905,1,1
2025-07-18T13:48:37.041882,1,0
2025-07-18T13:59:22.560729,0,0
2025-07-18T14:19:27.485897,1,1
2025-07-18T14:41:17.915003,2,1
2025-07-18T14:54:15.184450,3,1
2025-07-18T15:00:12.533330,2,1
2025-07-18T15:23:09.734284,2,0
2025-07-18T15:40:23.665906,3,2
2025-07-18T15:53:25.750755,2,3
2025-07-18T16:11:35.295301,1,1
2025-07-18T16:42:38.498332,2,0
2025-07-18T16:59:03.570836,1,1
2025-07-18T17:19:14.846388,2,1
2025-07-18T17:40:21.304985,2,0
2025-07-18T17:53:37.178348,1,1
2025-07-18T17:59:21.031356,1,3
2025-07-18T18:27:55.313583,2,1
2025-07-18T18:51:25.053128,0,1
2025-07-18T19:01:10.547706,1,0
2025-07-18T19:19:23.208907,0,1
2025-07-18T19:30:35.362999,1,0
2025-07-18T19:40:20.273043,0,0
2025-07-18T19:46:50.148579,0,0
2025-07-18T19:53:57.735996,0,0
2025-07-18T19:59:34.293634,0,0
2025-07-18T20:22:07.351545,0,0
2025-07-18T20:39:53.756117,0,0
2025-07-18T20:50:49.186859,0,0
2025-07-18T20:57:06.929202,0,0
2025-07-18T21:13:21.100668,0,0
2025-07-18T21:31:08.838224,0,0
2025-07-18T21:42:40.432972,0,0
2025-07-18T21:49:44.514736,0,0
2025-07-18T21:55:41.466229,0,0
2025-07-18T22:10:19.367073,0,0
2025-07-18T22:33:48.480690,0,0
2025-07-18T22:47:52.508000,0,0
2025-07-18T22:55:53.114091,0,0
2025-07-18T23:10:58.990216,0,0
2025-07-18T23:30:04.280728,0,0
2025-07-18T23:41:49.442202,0,0
2025-07-18T23:49:19.094768,0,0
2025-07-18T23:54:52.120245,0,0
2025-07-19T00:44:37.041022,0,0
2025-07-19T02:31:26.999398,2,0
2025-07-19T03:40:18.969348,1,1
2025-07-19T04:07:11.014400,1,0
2025-07-19T04:39:47.053306,1,0
2025-07-19T04:56:53.666934,1,0
2025-07-19T05:16:27.515150,2,0
2025-07-19T05:38:56.691550,1,1
2025-07-19T05:50:02.357968,1,1
2025-07-19T05:55:59.462536,1,1
2025-07-19T06:15:47.951369,1,1
2025-07-19T06:45:08.956044,1,1
2025-07-19T06:57:23.159373,2,2
2025-07-19T07:13:38.723967,1,1
2025-07-19T07:29:50.867642,1,1
2025-07-19T07:39:44.494481,1,0
2025-07-19T07:46:15.695637,1,1
2025-07-19T07:52:18.489832,1,1
2025-07-19T07:58:00.548820,0,0
2025-07-19T08:20:17.291777,1,1
2025-07-19T08:42:38.283859,1,1
2025-07-19T08:55:21.325666,1,3
2025-07-19T09:09:51.264759,1,4
2025-07-19T09:30:34.540007,1,1
2025-07-19T09:42:07.222450,1,1
2025-07-19T09:48:57.008211,1,1
2025-07-19T09:54:51.237478,1,1
2025-07-19T10:08:38.274973,0,1
2025-07-19T10:34:34.442847,1,1
2025-07-19T10:48:25.330792,1,0
2025-07-19T10:55:36.574551,1,1
2025-07-19T11:08:29.056286,0,6
2025-07-19T11:24:47.793524,0,2
2025-07-19T11:33:32.048208,1,2
2025-07-19T11:42:22.928888,1,1
2025-07-19T11:48:24.289596,1,2
2025-07-19T11:54:05.610277,0,3
2025-07-19T11:59:46.381693,0,1
2025-07-19T12:39:09.851228,0,2
2025-07-19T13:15:49.305569,0,0
2025-07-19T13:41:44.199439,1,1
2025-07-19T13:53:00.979734,1,1
2025-07-19T13:58:59.067695,0,0
2025-07-19T14:16:23.042649,1,1
2025-07-19T14:34:41.085507,1,1
2025-07-19T14:46:31.966463,1,2
2025-07-19T14:52:40.638777,1,1
2025-07-19T14:58:38.349195,1,1
2025-07-19T15:16:51.798648,1,1
2025-07-19T15:33:34.606360,1,2
2025-07-19T15:44:30.289925,2,1
2025-07-19T15:53:28.218722,2,0
2025-07-19T15:59:23.559977,2,1
2025-07-19T16:22:52.477339,1,1
2025-07-19T16:45:10.216025,0,1
2025-07-19T16:56:21.218810,1,0
2025-07-19T17:11:35.632625,1,0
2025-07-19T17:33:07.006006,1,0
2025-07-19T17:45:54.000991,0,0
2025-07-19T17:52:20.697543,0,0
2025-07-19T17:58:14.472584,0,1
2025-07-19T18:22:01.174115,0,1
2025-07-19T18:45:29.780905,1,0
2025-07-19T18:57:05.207302,0,0
2025-07-19T19:10:28.363141,0,2
2025-07-19T19:24:19.275286,0,0
2025-07-19T19:30:57.673181,0,0
2025-07-19T19:39:12.188217,0,0
2025-07-19T19:45:15.073438,0,0
2025-07-19T19:51:03.530927,0,0
2025-07-19T19:56:56.554730,0,0
2025-07-19T20:14:25.660943,0,0
2025-07-19T20:33:37.167121,0,0
2025-07-19T20:46:11.465734,0,0
2025-07-19T20:55:12.231197,0,0
2025-07-19T21:07:53.119745,0,0
2025-07-19T21:27:36.351983,0,0
2025-07-19T21:38:21.022979,0,0
2025-07-19T21:45:55.119810,0,0
2025-07-19T21:51:57.034380,0,0
2025-07-19T21:57:59.986169,0,0
2025-07-19T22:14:50.403596,0,0
2025-07-19T22:35:13.522987,0,0
2025-07-19T22:47:57.365762,0,0
2025-07-19T22:54:35.239232,0,0
2025-07-19T23:00:19.566136,0,0
2025-07-19T23:22:48.612136,0,0
2025-07-19T23:39:42.136151,0,0
2025-07-19T23:50:04.835869,0,0
2025-07-19T23:56:31.461326,0,0
2025-07-20T01:10:25.441027,0,1
2025-07-20T03:16:13.605524,1,2
2025-07-20T04:13:26.014262,0,1
2025-07-20T04:52:56.735349,1,2
2025-07-20T05:14:48.387572,0,1
2025-07-20T05:41:30.104503,0,1
2025-07-20T05:52:45.441620,1,2
2025-07-20T05:58:40.734919,1,2
2025-07-20T06:25:15.147142,1,0
2025-07-20T06:47:37.763815,0,0
2025-07-20T06:58:33.205671,1,1
2025-07-20T07:15:55.250645,1,3
2025-07-20T07:30:41.760474,2,1
2025-07-20T07:40:45.392958,3,2
2025-07-20T07:46:57.499845,2,4
2025-07-20T07:53:46.284209,2,2
2025-07-20T07:59:39.104865,2,1
2025-07-20T08:24:49.693188,0,2
2025-07-20T08:43:21.587115,1,1
2025-07-20T08:55:55.280665,1,1
2025-07-20T09:11:01.075939,1,1
2025-07-20T09:31:21.833181,1,1
2025-07-20T09:43:16.909927,2,1
2025-07-20T09:50:17.185605,2,0
2025-07-20T09:56:19.665057,1,1
2025-07-20T10:12:37.048662,2,2
2025-07-20T10:37:41.098198,2,2
2025-07-20T10:50:35.510443,2,1
2025-07-20T10:56:27.382850,3,1
2025-07-20T11:10:06.131808,2,1
2025-07-20T11:25:39.174061,3,1
2025-07-20T11:35:01.897495,1,0
2025-07-20T11:43:28.127806,2,1
2025-07-20T11:49:18.090804,1,1
2025-07-20T11:55:05.357933,2,1
2025-07-20T12:16:27.581379,0,0
2025-07-20T13:00:03.642329,1,0
2025-07-20T13:30:53.121492,0,0
2025-07-20T13:48:51.455968,0,1
2025-07-20T13:56:15.376397,1,1
2025-07-20T14:10:34.785522,1,1
2025-07-20T14:31:37.243799,1,1
2025-07-20T14:44:31.370599,1,1
2025-07-20T14:51:26.354109,0,1
2025-07-20T14:57:26.929533,0,0
2025-07-20T15:13:54.744869,1,1
2025-07-20T15:32:17.352715,1,1
2025-07-20T15:43:49.505781,1,1
2025-07-20T15:51:32.635311,1,1
2025-07-20T15:57:27.812938,1,1
2025-07-20T16:16:55.564970,1,1
2025-07-20T16:41:50.475758,0,1
2025-07-20T16:54:33.455311,1,1
2025-07-20T17:00:04.911696,0,1
2025-07-20T17:18:05.260062,1,2
2025-07-20T17:34:32.354270,1,1
2025-07-20T17:46:37.059852,0,1
2025-07-20T17:53:05.080239,1,1
2025-07-20T17:58:58.653573,1,0
2025-07-20T18:25:00.371818,1,1
2025-07-20T18:46:48.870904,0,0
2025-07-20T18:57:41.178242,0,0
2025-07-20T19:11:46.444727,0,2
2025-07-20T19:25:18.950429,0,1
2025-07-20T19:32:33.024264,0,0
2025-07-20T19:40:59.817226,0,0
2025-07-20T19:46:56.424911,0,0
2025-07-20T19:53:01.334448,1,0
2025-07-20T19:58:58.272694,0,1
2025-07-20T20:20:00.330434,0,0
2025-07-20T20:37:41.492456,0,0
2025-07-20T20:48:41.627090,0,0
2025-07-20T20:55:17.885893,0,0
2025-07-20T21:08:19.164776,0,0
2025-07-20T21:27:50.097954,0,0
2025-07-20T21:38:21.382085,0,0
2025-07-20T21:46:15.612340,0,0
2025-07-20T21:52:16.931308,0,0
2025-07-20T21:58:10.151061,0,0
2025-07-20T22:15:27.152535,0,0
2025-07-20T22:35:36.450514,0,0
2025-07-20T22:48:02.599702,0,0
2025-07-20T22:54:29.797975,0,0
2025-07-20T23:00:35.638428,0,0
2025-07-20T23:23:02.879031,0,0
2025-07-20T23:37:21.427788,0,0
2025-07-20T23:47:40.425099,0,0
2025-07-20T23:53:37.083190,0,0
2025-07-20T23:59:19.968825,0,0
2025-07-21T01:48:48.700706,0,0
2025-07-21T03:26:47.057893,0,1
2025-07-21T04:26:06.096729,2,0
2025-07-21T04:59:06.412886,3,1
2025-07-21T05:25:53.739079,1,1
2025-07-21T05:48:01.378556,1,2
2025-07-21T05:57:40.925092,4,5
2025-07-21T06:24:28.277842,2,3
2025-07-21T06:52:00.183757,1,1
2025-07-21T07:15:41.783475,2,2
2025-07-21T07:41:46.417817,1,3
2025-07-21T07:53:35.153222,1,4
2025-07-21T07:59:18.435029,1,1
2025-07-21T08:30:39.965521,1,1
2025-07-21T08:56:02.049941,1,2
2025-07-21T09:19:50.447729,1,1
2025-07-21T09:45:08.585220,2,0
2025-07-21T09:56:05.899237,1,1
2025-07-21T10:13:49.594613,1,1
2025-07-21T10:43:05.530776,1,2
2025-07-21T10:55:38.970486,1,1
2025-07-21T11:09:53.152987,2,1
2025-07-21T11:28:31.104294,5,1
2025-07-21T11:40:21.391626,2,3
2025-07-21T11:50:15.820908,1,1
2025-07-21T11:56:17.669574,1,3
2025-07-21T12:25:48.800434,2,1
2025-07-21T13:10:07.840345,1,1
2025-07-21T13:48:52.528311,1,1
2025-07-21T14:00:27.203025,1,1
2025-07-21T14:24:15.420005,1,1
2025-07-21T14:45:26.302345,2,0
2025-07-21T14:57:06.307578,1,0
2025-07-21T15:14:46.353378,1,1
2025-07-21T15:36:39.504364,1,2
2025-07-21T15:50:30.981973,1,1
2025-07-21T15:58:05.287863,1,1
2025-07-21T16:20:08.027543,0,1
2025-07-21T16:47:53.187595,0,1
2025-07-21T17:01:22.781071,1,1
2025-07-21T17:24:06.449369,1,2
2025-07-21T17:42:46.484010,1,0
2025-07-21T17:52:46.579149,2,1
2025-07-21T17:58:39.022215,1,0
2025-07-21T18:27:21.079012,1,1
2025-07-21T18:52:37.017091,1,0
2025-07-21T19:08:18.274668,1,1
2025-07-21T19:27:30.171556,0,0
2025-07-21T19:38:03.749365,1,0
2025-07-21T19:45:30.621213,0,0
2025-07-21T19:51:23.922018,0,0
2025-07-21T19:57:27.525163,0,0
2025-07-21T20:16:40.600513,0,0
2025-07-21T20:37:59.207650,0,0
2025-07-21T20:50:45.642463,0,0
2025-07-21T20:57:37.088554,0,0
2025-07-21T21:14:55.914837,0,0
2025-07-21T21:31:58.945499,0,0
2025-07-21T21:44:07.709252,0,0
2025-07-21T21:51:03.902310,0,0
2025-07-21T21:56:59.233296,0,0
2025-07-21T22:14:07.020045,0,0
2025-07-21T22:36:02.975801,0,0
2025-07-21T22:49:28.181082,0,0
2025-07-21T22:56:03.804155,0,0
2025-07-21T23:11:42.413781,0,0
2025-07-21T23:30:50.282411,0,0
2025-07-21T23:43:12.682883,0,0
2025-07-21T23:51:01.132094,0,0
2025-07-21T23:56:47.867523,0,0
2025-07-22T01:07:18.836968,1,0
2025-07-22T03:04:04.184607,1,2
2025-07-22T04:03:25.767750,0,0
2025-07-22T04:45:19.785362,0,0
2025-07-22T05:03:18.498742,1,0
2025-07-22T05:32:52.929685,1,1
2025-07-22T05:51:02.503549,2,1
2025-07-22T05:58:34.446116,2,2
2025-07-22T06:27:05.548345,1,2
2025-07-22T06:53:12.086313,1,1
2025-07-22T07:12:42.282085,4,1
2025-07-22T07:33:54.348142,2,3
2025-07-22T07:45:36.960859,1,2
2025-07-22T07:53:02.082172,1,1
2025-07-22T07:58:58.550531,1,2
2025-07-22T08:27:12.373485,1,2
2025-07-22T08:50:34.579942,1,2
2025-07-22T09:12:17.938477,2,3
2025-07-22T09:37:54.862812,1,1
2025-07-22T09:51:46.836323,3,1
2025-07-22T09:58:03.783127,4,1
2025-07-22T10:18:26.662538,2,1
2025-07-22T10:44:05.321876,1,1
2025-07-22T10:55:42.544188,2,1
2025-07-22T11:09:44.744039,2,1
2025-07-22T11:28:00.826045,2,1
2025-07-22T11:38:53.509184,2,7
2025-07-22T11:47:40.766889,1,3
2025-07-22T11:53:44.065617,2,3
2025-07-22T11:59:17.921074,3,2
2025-07-22T12:41:15.547227,1,0
2025-07-22T13:24:07.867930,1,1
2025-07-22T13:52:28.041459,2,0
2025-07-22T14:10:17.100272,2,1
2025-07-22T14:35:06.268344,4,1
2025-07-22T14:50:55.555454,5,1
2025-07-22T14:58:17.711537,4,1
2025-07-22T15:18:28.994960,1,4
2025-07-22T15:40:17.582373,4,1
2025-07-22T15:52:41.869388,4,2
2025-07-22T15:59:19.765336,4,1
2025-07-22T16:26:03.429508,0,0
2025-07-22T16:49:42.714066,1,0
2025-07-22T17:01:52.610937,1,1
2025-07-22T17:26:04.110823,0,2
2025-07-22T17:43:03.639778,0,1
2025-07-22T17:52:49.298617,1,1
2025-07-22T17:58:42.397800,1,0
2025-07-22T18:27:25.638809,0,1
2025-07-22T18:52:50.514469,0,0
2025-07-22T19:08:30.305335,0,1
2025-07-22T19:26:41.410112,0,0
2025-07-22T19:36:02.123018,0,0
2025-07-22T19:42:54.529232,0,0
2025-07-22T19:49:07.879231,0,1
2025-07-22T19:55:17.900030,0,0
2025-07-22T20:11:47.508979,0,0
2025-07-22T20:34:37.790651,0,0
2025-07-22T20:48:23.646234,0,0
2025-07-22T20:56:38.408215,0,0
2025-07-22T21:12:43.775198,0,0
2025-07-22T21:31:45.801767,0,0
2025-07-22T21:43:31.994370,0,0
2025-07-22T21:50:58.968604,0,0
2025-07-22T21:57:17.854694,0,0
2025-07-22T22:13:54.328388,0,0
2025-07-22T22:34:43.491748,0,0
2025-07-22T22:48:56.351962,0,0
2025-07-22T22:56:06.927784,0,0
2025-07-22T23:11:43.110231,0,0
2025-07-22T23:30:42.067779,0,0
2025-07-22T23:43:16.790663,0,0
2025-07-22T23:51:24.653464,0,0
2025-07-22T23:57:19.941027,0,0
2025-07-23T01:14:37.160143,1,1
2025-07-23T03:09:14.071486,1,1
2025-07-23T04:07:03.180628,1,1
2025-07-23T04:49:37.076334,3,1
2025-07-23T05:16:28.350619,1,1
2025-07-23T05:46:10.719122,1,0
2025-07-23T05:57:31.864589,5,5
2025-07-23T06:23:04.134238,3,1
2025-07-23T06:52:03.975150,1,2
2025-07-23T07:12:58.608485,6,9
2025-07-23T07:34:39.306970,5,2
2025-07-23T07:47:17.061555,2,1
2025-07-23T07:54:51.888887,1,1
2025-07-23T08:13:26.678115,2,3
2025-07-23T08:44:50.160971,1,2
2025-07-23T09:00:29.559941,1,3
2025-07-23T09:29:07.939625,1,0
2025-07-23T09:48:36.509781,1,1
2025-07-23T09:57:12.903020,2,2
2025-07-23T10:16:10.536887,7,4
2025-07-23T10:43:15.488089,1,2
2025-07-23T10:55:14.009892,2,4
2025-07-23T11:09:22.334565,3,3
2025-07-23T11:28:34.675874,4,0
2025-07-23T11:40:30.402489,2,3
2025-07-23T11:48:12.489820,2,3
2025-07-23T11:55:00.891307,2,1
2025-07-23T12:17:51.395737,4,1
2025-07-23T13:06:46.527296,1,1
2025-07-23T13:46:09.817733,1,1
2025-07-23T13:59:00.067024,3,1
2025-07-23T14:19:55.560813,4,1
2025-07-23T14:43:41.572410,4,0
2025-07-23T14:57:17.022322,1,1
2025-07-23T15:16:23.503781,1,2
2025-07-23T15:40:34.529256,3,3
2025-07-23T15:53:23.261904,2,1
2025-07-23T16:00:17.298408,3,1
2025-07-23T16:29:12.920308,1,1
2025-07-23T16:53:36.083954,1,2
2025-07-23T17:11:38.300671,1,3
2025-07-23T17:35:28.591982,2,1
2025-07-23T17:49:36.700743,3,1
2025-07-23T17:56:17.343402,2,0
2025-07-23T18:17:33.497672,0,2
2025-07-23T18:47:43.482648,2,1
2025-07-23T19:00:29.406537,0,1
2025-07-23T19:19:27.019264,1,0
2025-07-23T19:31:50.451785,0,1
2025-07-23T19:42:34.827584,0,0
2025-07-23T19:49:16.705197,0,0
2025-07-23T19:55:06.241405,0,0
2025-07-23T20:10:51.178402,0,0
2025-07-23T20:34:49.700304,0,0
2025-07-23T20:49:00.880173,0,0
2025-07-23T20:57:18.120487,0,0
2025-07-23T21:14:23.210892,0,0
2025-07-23T21:32:36.300680,0,0
2025-07-23T21:44:24.957456,0,0
2025-07-23T21:51:28.550006,0,0
2025-07-23T21:57:15.452484,0,0
2025-07-23T22:14:41.440917,0,0
2025-07-23T22:36:30.465707,0,0
2025-07-23T22:49:53.246917,0,0
2025-07-23T22:56:30.333305,0,0
2025-07-23T23:12:55.892801,0,0
2025-07-23T23:31:37.525641,0,0
2025-07-23T23:44:03.075515,0,0
2025-07-23T23:51:42.237997,0,0
2025-07-23T23:57:31.950193,0,0
2025-07-24T01:16:33.522344,1,1
2025-07-24T03:08:43.959445,2,4
2025-07-24T04:05:32.989207,2,1
2025-07-24T04:47:34.665367,1,1
2025-07-24T05:13:29.760696,1,1
2025-07-24T05:42:22.324374,1,1
2025-07-24T05:54:19.222700,2,7
2025-07-24T06:00:04.178446,1,3
2025-07-24T06:33:47.108337,1,1
2025-07-24T06:57:17.984903,1,2
2025-07-24T07:18:29.772092,2,1
2025-07-24T07:37:59.006862,1,2
2025-07-24T07:48:41.241361,1,2
2025-07-24T07:55:24.020666,2,2
2025-07-24T08:14:42.175398,1,1
2025-07-24T08:44:54.603239,1,2
2025-07-24T09:00:10.913599,1,2
2025-07-24T09:26:41.117014,3,1
2025-07-24T09:44:39.849166,3,1
2025-07-24T09:54:42.014417,1,2
2025-07-24T10:10:04.062135,2,5
2025-07-24T10:38:25.583211,4,3
2025-07-24T10:53:12.995852,2,1
2025-07-24T10:59:20.268278,2,2
2025-07-24T11:17:25.124731,3,5
2025-07-24T11:31:57.296161,4,2
2025-07-24T11:43:29.579845,6,2
2025-07-24T11:50:20.934357,2,2
2025-07-24T11:56:16.039237,2,1
2025-07-24T12:25:00.255182,2,0
2025-07-24T13:08:48.471263,3,0
2025-07-24T13:48:17.468098,2,0
2025-07-24T14:00:11.767852,1,2
2025-07-24T14:23:24.898960,1,1
2025-07-24T14:44:58.608862,2,0
2025-07-24T14:56:14.070721,1,1
2025-07-24T15:12:54.919904,1,1
2025-07-24T15:33:46.324619,1,2
2025-07-24T15:47:21.236358,1,3
2025-07-24T15:55:53.751096,1,1
2025-07-24T16:13:21.555201,1,1
2025-07-24T16:41:07.559169,4,1
2025-07-24T16:56:59.335995,2,1
2025-07-24T17:14:08.204603,1,1
2025-07-24T17:35:26.843141,1,1
2025-07-24T17:48:36.751542,1,0
2025-07-24T17:54:41.769922,1,1
2025-07-24T18:12:26.120355,4,1
2025-07-24T18:46:24.065344,0,1
2025-07-24T19:00:20.212191,0,1
2025-07-24T19:19:09.693285,0,2
2025-07-24T19:31:14.885329,0,0
2025-07-24T19:41:41.294646,0,0
2025-07-24T19:48:04.239364,0,0
2025-07-24T19:54:07.081997,0,0
2025-07-24T19:59:57.731570,0,0
2025-07-24T20:22:27.215573,0,0
2025-07-24T20:39:46.046855,0,0
2025-07-24T20:51:14.562870,0,0
2025-07-24T20:57:45.862082,0,0
2025-07-24T21:15:47.463602,0,0
2025-07-24T21:32:59.083013,0,0
2025-07-24T21:43:00.626792,0,0
2025-07-24T21:48:56.238930,0,0
2025-07-24T21:54:48.367278,0,0
2025-07-24T22:08:58.819246,0,0
2025-07-24T22:33:20.087894,0,0
2025-07-24T22:48:35.699416,0,0
2025-07-24T22:56:33.181909,0,0
2025-07-24T23:13:15.486906,0,0
2025-07-24T23:31:43.719912,0,0
2025-07-24T23:43:46.852802,0,0
2025-07-24T23:51:17.999760,0,0
2025-07-24T23:57:08.980039,0,0
2025-07-25T01:11:12.794933,1,3
2025-07-25T03:05:26.909976,0,2
2025-07-25T04:03:55.395954,0,0
2025-07-25T04:46:27.442895,2,1
2025-07-25T05:14:32.883432,1,1
2025-07-25T05:44:09.120693,1,0
2025-07-25T05:56:27.637374,1,0
2025-07-25T06:19:45.367024,1,1
2025-07-25T06:51:03.125466,0,1
2025-07-25T07:11:43.484983,0,2
2025-07-25T07:33:09.394894,1,1
2025-07-25T07:45:14.961218,0,1
2025-07-25T07:52:21.326229,1,1
2025-07-25T07:57:59.467458,0,1
2025-07-25T08:22:05.662131,2,3
2025-07-25T08:46:05.594106,1,2
2025-07-25T08:59:39.259661,2,2
2025-07-25T09:24:19.000225,4,1
2025-07-25T09:43:44.708652,3,0
2025-07-25T09:54:46.941026,2,3
2025-07-25T10:09:44.070704,3,3
2025-07-25T10:38:43.078475,2,2
2025-07-25T10:53:15.690887,1,1
2025-07-25T10:59:07.982181,1,2
2025-07-25T11:16:49.563708,3,2
2025-07-25T11:31:47.112175,6,0
2025-07-25T11:43:07.160498,2,1
2025-07-25T11:49:40.946833,4,1
2025-07-25T11:55:20.146642,3,1
2025-07-25T12:19:07.332948,1,3
2025-07-25T13:05:16.430439,1,2
2025-07-25T13:43:22.018223,0,1
2025-07-25T13:57:08.436660,0,0
2025-07-25T14:13:55.185615,1,1
2025-07-25T14:36:18.294947,1,1
2025-07-25T14:50:29.579964,1,0
2025-07-25T14:57:29.689457,1,1
2025-07-25T15:16:19.431083,3,4
2025-07-25T15:36:40.919342,2,1
2025-07-25T15:49:24.390168,2,1
2025-07-25T15:57:06.955060,3,1
2025-07-25T16:18:06.176265,2,0
2025-07-25T16:45:08.772455,1,1
2025-07-25T16:58:43.621915,1,0
2025-07-25T17:18:08.674485,1,3
2025-07-25T17:40:04.730067,1,2
2025-07-25T17:50:29.012429,0,1
2025-07-25T17:56:27.315080,1,1
2025-07-25T18:17:54.044575,0,0
2025-07-25T18:47:41.772681,0,0
2025-07-25T19:00:15.869826,0,1
2025-07-25T19:18:42.817702,1,3
2025-07-25T19:30:45.500986,1,1
2025-07-25T19:40:47.159212,0,0
2025-07-25T19:47:26.715565,0,0
2025-07-25T19:53:30.015745,0,0
2025-07-25T19:59:06.311639,0,0
2025-07-25T20:20:54.003020,0,0
2025-07-25T20:39:51.904679,0,0
2025-07-25T20:51:42.454719,0,0
2025-07-25T20:58:00.977472,0,0
2025-07-25T21:15:39.055265,0,0
2025-07-25T21:32:18.456055,0,0
2025-07-25T21:44:06.703484,0,0
2025-07-25T21:51:10.399320,0,0
2025-07-25T21:57:04.055981,0,0
2025-07-25T22:13:23.056044,0,0
2025-07-25T22:35:11.969763,0,0
2025-07-25T22:49:57.138475,0,0
2025-07-25T22:56:49.985311,0,0
2025-07-25T23:13:27.832609,0,0
2025-07-25T23:31:14.459860,0,0
2025-07-25T23:43:37.612210,0,0
2025-07-25T23:51:21.212778,0,0
2025-07-25T23:56:59.978004,0,0
2025-07-26T01:09:01.809205,2,2
2025-07-26T02:59:18.866510,2,2
2025-07-26T03:57:15.433516,0,1
2025-07-26T04:31:00.126118,1,0
2025-07-26T04:58:02.247694,4,1
2025-07-26T05:19:26.851550,2,0
2025-07-26T05:42:00.021429,1,1
2025-07-26T05:52:26.804155,1,1
2025-07-26T05:58:17.592247,1,0
2025-07-26T06:24:08.072615,2,1
2025-07-26T06:48:55.048981,2,1
2025-07-26T07:00:26.301684,1,2
2025-07-26T07:21:01.366818,1,1
2025-07-26T07:34:41.710337,2,1
2025-07-26T07:43:50.401571,2,2
2025-07-26T07:49:53.649319,2,2
2025-07-26T07:55:39.810864,2,1
2025-07-26T08:13:28.669938,3,1
2025-07-26T08:38:46.528142,1,1
2025-07-26T08:52:53.569484,2,4
2025-07-26T08:59:18.646813,1,2
2025-07-26T09:19:01.424810,2,1
2025-07-26T09:35:05.254589,1,1
2025-07-26T09:45:35.886781,2,0
2025-07-26T09:51:32.512992,1,1
2025-07-26T09:57:08.622965,1,1
2025-07-26T10:13:54.794813,2,1
2025-07-26T10:37:06.412149,1,1
2025-07-26T10:49:36.744721,3,1
2025-07-26T10:55:56.018568,5,1
2025-07-26T11:09:29.358558,3,2
2025-07-26T11:25:37.581898,3,3
2025-07-26T11:35:42.935011,1,3
2025-07-26T11:44:00.689092,2,4
2025-07-26T11:49:33.334960,2,3
2025-07-26T11:55:27.642355,0,0
2025-07-26T12:17:42.022896,2,2
2025-07-26T13:00:29.959413,2,2
2025-07-26T13:32:56.357941,1,0
2025-07-26T13:49:37.289480,1,0
2025-07-26T13:56:28.750130,1,1
2025-07-26T14:11:11.588804,1,0
2025-07-26T14:32:37.940534,1,0
2025-07-26T14:46:12.411314,1,0
2025-07-26T14:53:22.350371,1,0
2025-07-26T14:59:07.226135,2,0
2025-07-26T15:18:39.350676,1,0
2025-07-26T15:36:54.380969,1,1
2025-07-26T15:48:41.013164,1,0
2025-07-26T15:56:54.432192,1,0
2025-07-26T16:15:28.275962,1,0
2025-07-26T16:42:02.816418,0,1
2025-07-26T16:55:19.278453,0,0
2025-07-26T17:07:37.235501,1,1
2025-07-26T17:31:21.637436,1,1
2025-07-26T17:44:53.409788,0,0
2025-07-26T17:51:54.681581,0,1
2025-07-26T17:57:46.334485,2,1
2025-07-26T18:21:00.021527,1,0
2025-07-26T18:46:12.601443,1,2
2025-07-26T18:58:29.394182,0,0
2025-07-26T19:13:19.831408,0,1
2025-07-26T19:25:49.275877,0,0
2025-07-26T19:33:18.049106,0,0
2025-07-26T19:41:18.186123,0,0
2025-07-26T19:47:08.403542,0,0
2025-07-26T19:53:06.297792,0,0
2025-07-26T19:58:48.405248,0,0
2025-07-26T20:18:56.938915,0,0
2025-07-26T20:36:28.494988,0,0
2025-07-26T20:47:36.220432,0,0
2025-07-26T20:54:14.062692,0,0
2025-07-26T21:00:09.653159,0,0
2025-07-26T21:19:17.624771,0,0
2025-07-26T21:32:57.713602,0,0
2025-07-26T21:44:32.131010,0,0
2025-07-26T21:51:59.102932,0,0
2025-07-26T21:57:48.978653,0,0
2025-07-26T22:14:46.134226,0,0
2025-07-26T22:35:10.469250,0,0
2025-07-26T22:47:50.092002,0,0
2025-07-26T22:54:21.760838,0,0
2025-07-26T23:00:18.640919,0,0
2025-07-26T23:20:43.405731,0,0
2025-07-26T23:34:43.912451,0,0
2025-07-26T23:45:35.747407,0,0
2025-07-26T23:52:15.171763,0,0
2025-07-26T23:57:56.444900,0,0
2025-07-27T01:27:39.014445,1,1
2025-07-27T03:23:01.559019,1,1
2025-07-27T04:15:59.551855,1,1
2025-07-27T04:55:10.251428,0,1
2025-07-27T05:16:51.574936,0,2
2025-07-27T05:42:50.989470,1,3
2025-07-27T05:54:01.760943,1,3
2025-07-27T05:59:53.448993,2,1
2025-07-27T06:30:29.832002,1,1
2025-07-27T06:53:16.013339,1,1
2025-07-27T07:08:46.258583,1,2
2025-07-27T07:29:09.221923,1,2
2025-07-27T07:39:39.762003,1,1
2025-07-27T07:47:04.078072,1,1
2025-07-27T07:52:59.937071,1,1
2025-07-27T07:58:55.844665,1,1
2025-07-27T08:22:47.776857,1,1
2025-07-27T08:43:22.496804,0,1
2025-07-27T08:55:46.428973,0,1
2025-07-27T09:11:10.532364,0,1
2025-07-27T09:32:20.251621,1,0
2025-07-27T09:45:42.175075,1,1
2025-07-27T09:53:01.678845,2,1
2025-07-27T09:59:01.109432,2,1
2025-07-27T10:18:37.236270,3,1
2025-07-27T10:41:15.895287,1,1
2025-07-27T10:51:55.084930,1,1
2025-07-27T10:57:28.281395,1,0
2025-07-27T11:12:14.313697,1,1
2025-07-27T11:27:06.743164,1,1
2025-07-27T11:36:39.964859,1,1
2025-07-27T11:44:17.769179,1,1
2025-07-27T11:50:14.160218,1,0
2025-07-27T11:56:02.410825,0,1
2025-07-27T12:21:34.218945,0,1
2025-07-27T13:03:02.152834,1,0
2025-07-27T13:36:30.215120,0,0
2025-07-27T13:49:51.602871,0,1
2025-07-27T13:56:04.234252,1,0
2025-07-27T14:10:24.573697,1,1
2025-07-27T14:31:46.358691,1,1
2025-07-27T14:45:10.309157,1,1
2025-07-27T14:52:04.038096,1,1
2025-07-27T14:58:02.119494,1,1
2025-07-27T15:15:53.312576,0,1
2025-07-27T15:33:26.110652,1,0
2025-07-27T15:44:37.555962,1,1
2025-07-27T15:51:36.477544,2,1
2025-07-27T15:57:28.594664,1,0
2025-07-27T16:17:13.260358,1,1
2025-07-27T16:42:27.902055,0,1
2025-07-27T16:55:15.910852,0,1
2025-07-27T17:07:59.456977,1,1
2025-07-27T17:30:46.693252,0,1
2025-07-27T17:44:41.785564,1,0
2025-07-27T17:52:32.753746,0,1
2025-07-27T17:58:25.889926,1,1
2025-07-27T18:23:30.358919,2,1
2025-07-27T18:47:26.863687,0,0
2025-07-27T18:59:26.459469,1,1
2025-07-27T19:16:50.311462,1,1
2025-07-27T19:29:21.162551,1,1
2025-07-27T19:38:06.601573,1,1
2025-07-27T19:45:39.636643,0,0
2025-07-27T19:51:49.990173,1,0
2025-07-27T19:57:43.451910,0,0
2025-07-27T20:16:40.950590,0,0
2025-07-27T20:35:36.924591,0,0
2025-07-27T20:47:29.475055,0,0
2025-07-27T20:54:51.717488,0,0
2025-07-27T21:07:37.800395,0,0
2025-07-27T21:28:07.891231,0,0
2025-07-27T21:39:10.980866,0,0
2025-07-27T21:46:53.664437,0,0
2025-07-27T21:52:34.015854,0,0
2025-07-27T21:58:29.850316,0,0
2025-07-27T22:16:46.046039,0,0
2025-07-27T22:39:00.941476,0,0
2025-07-27T22:51:01.335186,0,0
2025-07-27T22:56:46.404222,0,0
2025-07-27T23:13:34.900442,0,0
2025-07-27T23:32:28.677229,0,0
2025-07-27T23:45:11.262190,0,0
2025-07-27T23:52:48.706449,0,0
2025-07-27T23:58:47.196166,0,0
2025-07-28T01:43:53.571070,1,1
2025-07-28T03:26:59.855139,0,1
2025-07-28T04:28:35.422425,1,1
2025-07-28T05:01:53.456449,2,0
2025-07-28T05:33:43.780077,2,0
2025-07-28T05:53:46.292066,4,1
2025-07-28T06:15:30.428703,2,2
2025-07-28T06:51:49.201959,1,1
2025-07-28T07:14:13.009960,1,1
2025-07-28T07:37:17.688066,4,2
2025-07-28T07:49:43.133324,2,1
2025-07-28T07:56:27.672430,2,2
2025-07-28T08:19:39.673153,0,4
2025-07-28T08:47:55.863058,1,1
2025-07-28T09:02:36.890159,1,2
2025-07-28T09:35:41.470718,1,0
2025-07-28T09:52:32.106391,2,1
2025-07-28T09:59:18.619709,3,1
2025-07-28T10:22:11.330246,1,1
2025-07-28T10:46:00.092802,1,2
2025-07-28T10:57:11.858981,2,0
2025-07-28T11:12:58.260236,1,1
2025-07-28T11:29:56.814308,1,1
2025-07-28T11:41:53.039461,1,0
2025-07-28T11:49:37.678043,1,1
2025-07-28T11:55:31.375645,1,1
2025-07-28T12:21:16.294186,1,1
2025-07-28T13:08:34.453872,1,1
2025-07-28T13:49:26.768655,1,0
2025-07-28T14:01:59.292266,1,0
2025-07-28T14:28:43.859443,1,1
2025-07-28T14:48:46.833415,1,1
2025-07-28T14:58:57.531250,2,1
2025-07-28T15:20:56.573670,1,0
2025-07-28T15:41:46.714181,2,2
2025-07-28T15:53:20.499676,1,3
2025-07-28T15:59:50.074294,1,1
2025-07-28T16:28:22.488433,1,1
2025-07-28T16:53:11.067373,1,1
2025-07-28T17:12:16.464973,1,1
2025-07-28T17:35:22.577704,1,0
2025-07-28T17:48:40.328199,1,0
2025-07-28T17:56:10.259677,1,0
2025-07-28T18:17:54.529886,2,1
2025-07-28T18:49:34.009484,1,3
2025-07-28T19:02:07.594376,0,1
2025-07-28T19:23:22.404608,0,0
2025-07-28T19:35:00.967484,1,2
2025-07-28T19:44:18.476732,0,0
2025-07-28T19:50:47.525048,1,0
2025-07-28T19:56:41.501327,0,0
2025-07-28T20:15:07.625224,0,0
2025-07-28T20:37:24.851915,0,0
2025-07-28T20:51:29.173201,0,0
2025-07-28T20:58:54.046972,0,0
2025-07-28T21:17:36.048828,0,0
2025-07-28T21:32:50.255954,0,0
2025-07-28T21:44:59.053836,0,0
2025-07-28T21:51:39.700405,0,0
2025-07-28T21:57:18.114464,0,0
2025-07-28T22:14:56.974074,0,0
2025-07-28T22:40:21.295983,0,0
2025-07-28T22:54:11.773442,0,0
2025-07-28T23:00:30.356300,0,0
2025-07-28T23:23:55.439255,0,0
2025-07-28T23:40:18.896909,0,0
2025-07-28T23:52:11.935519,0,0
2025-07-28T23:58:30.765691,0,0
2025-07-29T01:46:08.101649,2,0
2025-07-29T03:31:06.427548,0,2
2025-07-29T04:32:18.228646,2,0
2025-07-29T05:04:34.551307,1,2
2025-07-29T05:37:53.432900,1,3
2025-07-29T05:54:54.287004,4,1
2025-07-29T06:15:26.207493,1,1
2025-07-29T06:50:10.982251,1,1
2025-07-29T07:02:49.910410,1,2
2025-07-29T07:31:29.894082,1,1
2025-07-29T07:46:32.062749,3,3
2025-07-29T07:54:45.615921,3,2
2025-07-29T08:13:14.180129,3,2
2025-07-29T08:44:50.012042,2,1
2025-07-29T09:00:47.614335,1,2
2025-07-29T09:29:42.310699,1,1
2025-07-29T09:48:30.649390,4,3
2025-07-29T09:57:25.203134,5,4
2025-07-29T10:16:55.053800,2,3
2025-07-29T10:43:41.603597,2,5
2025-07-29T10:56:17.244349,3,0
2025-07-29T11:11:27.857269,3,1
2025-07-29T11:28:58.801980,2,1
2025-07-29T11:40:33.137560,1,2
2025-07-29T11:48:17.836104,2,2
2025-07-29T11:54:19.023697,2,2
2025-07-29T12:00:11.608536,2,2
2025-07-29T12:49:07.637336,1,3
2025-07-29T13:30:46.632383,0,1
2025-07-29T13:57:55.497893,0,1
2025-07-29T14:20:36.126483,1,0
2025-07-29T14:47:07.739358,1,1
2025-07-29T14:59:30.680101,3,0
2025-07-29T15:23:24.514441,2,1
2025-07-29T15:44:00.393241,1,7
2025-07-29T15:56:23.859090,4,2
2025-07-29T16:15:21.863040,1,0
2025-07-29T16:45:12.501520,1,1
2025-07-29T17:00:55.653008,1,1
2025-07-29T17:24:46.293488,3,1
2025-07-29T17:43:52.400932,2,1
2025-07-29T17:54:54.235684,0,2
2025-07-29T18:14:01.056482,2,1
2025-07-29T18:49:26.244429,0,1
2025-07-29T19:02:52.517057,0,0
2025-07-29T19:26:19.327784,0,0
2025-07-29T19:38:22.015304,0,5
2025-07-29T19:46:35.036040,0,0
2025-07-29T19:52:47.971343,0,0
2025-07-29T19:58:41.043895,0,1
2025-07-29T20:20:45.865800,0,0
2025-07-29T20:41:30.558492,0,0
2025-07-29T20:53:54.709916,0,0
2025-07-29T20:59:50.358712,0,0
2025-07-29T21:20:31.551071,0,0
2025-07-29T21:37:17.118670,0,0
2025-07-29T21:48:48.429276,0,0
2025-07-29T21:55:08.153865,0,0
2025-07-29T22:09:44.545609,0,0
2025-07-29T22:34:45.186469,0,0
2025-07-29T22:49:47.986713,0,0
2025-07-29T22:57:18.068713,0,0
2025-07-29T23:14:42.039860,0,0
2025-07-29T23:32:25.881334,0,0
2025-07-29T23:44:57.361584,0,0
2025-07-29T23:52:37.890849,0,0
2025-07-29T23:58:22.327656,0,0
2025-07-30T01:26:40.653615,1,0
2025-07-30T03:17:23.064795,0,0
2025-07-30T04:13:06.626120,1,1
2025-07-30T04:55:03.609388,3,1
2025-07-30T05:20:24.829585,1,0
2025-07-30T05:48:25.719155,1,1
2025-07-30T05:59:41.748251,2,1
2025-07-30T06:33:59.108659,1,2
2025-07-30T07:00:20.700153,2,1
2025-07-30T07:25:53.852295,1,4
2025-07-30T07:43:22.665694,1,1
2025-07-30T07:53:38.679895,1,2
2025-07-30T07:59:34.055866,1,1
2025-07-30T08:28:58.308769,1,1
2025-07-30T08:53:18.363217,1,2
2025-07-30T09:15:19.083084,5,1
2025-07-30T09:43:17.371395,2,2
2025-07-30T09:56:03.514465,1,1
2025-07-30T10:14:08.974799,2,2
2025-07-30T10:42:32.503069,1,0
2025-07-30T10:55:26.154224,2,1
2025-07-30T11:09:41.375827,3,2
2025-07-30T11:28:33.619203,2,1
2025-07-30T11:39:58.966403,1,1
2025-07-30T11:48:27.241645,1,0
2025-07-30T11:54:21.380778,1,2
2025-07-30T11:59:58.081644,2,1
2025-07-30T12:47:49.718557,2,2
2025-07-30T13:30:02.661197,0,2
2025-07-30T13:57:04.656810,1,3
2025-07-30T14:15:18.101656,1,1
2025-07-30T14:41:16.851656,1,2
2025-07-30T14:55:03.224936,1,1
2025-07-30T15:10:22.000374,1,2
2025-07-30T15:35:25.186568,2,0
2025-07-30T15:49:56.301204,0,0
2025-07-30T15:58:36.649203,1,0
2025-07-30T16:23:06.149251,1,2
2025-07-30T16:47:15.102004,1,1
2025-07-30T17:00:43.913912,2,2
2025-07-30T17:23:22.818351,1,2
2025-07-30T17:42:13.424015,2,2
2025-07-30T17:52:50.287078,2,2
2025-07-30T17:58:46.468767,1,0
2025-07-30T18:27:45.461830,1,3
2025-07-30T18:53:38.677798,5,1
2025-07-30T19:09:49.784629,2,3
2025-07-30T19:27:48.233428,0,7
2025-07-30T19:38:31.954013,1,0
2025-07-30T19:45:54.497351,0,0
2025-07-30T19:52:00.827335,0,0
2025-07-30T19:57:53.692329,0,0
2025-07-30T20:16:58.869170,0,0
2025-07-30T20:37:08.323765,0,0
2025-07-30T20:50:14.317566,0,0
2025-07-30T20:58:05.673367,0,0
2025-07-30T21:16:35.950759,0,0
2025-07-30T21:34:03.361282,0,0
2025-07-30T21:45:54.099819,0,0
2025-07-30T21:52:22.544475,0,0
2025-07-30T21:58:07.390779,0,0
2025-07-30T22:16:43.684498,0,0
2025-07-30T22:40:04.335184,0,0
2025-07-30T22:52:01.532645,0,0
2025-07-30T22:57:37.074234,0,0
2025-07-30T23:15:38.168718,0,0
2025-07-30T23:33:07.729461,0,0
2025-07-30T23:45:57.499757,0,0
2025-07-30T23:54:20.889683,0,0
2025-07-31T00:00:03.038376,0,0
2025-07-31T01:53:29.956507,1,1
2025-07-31T03:25:02.800789,3,1
2025-07-31T04:13:39.238688,1,0
2025-07-31T04:53:54.144324,4,1
2025-07-31T05:17:05.608115,2,0
2025-07-31T05:45:46.393800,1,1
2025-07-31T05:56:57.765297,2,0
2025-07-31T06:21:48.053653,2,1
2025-07-31T06:52:18.950513,1,2
2025-07-31T07:13:07.515197,2,1
2025-07-31T07:34:38.308526,4,3
2025-07-31T07:47:07.316790,1,1
2025-07-31T07:54:35.064930,1,1
2025-07-31T08:13:16.257768,1,1
2025-07-31T08:44:59.394333,2,2
